Workbook

Sheet Sprint 1
A1: Project name: | C1: XÂY DỰNG HỆ THỐNG QUẢN LÝ NHÂN SỰ CHO DOANH NGHIỆP NHỎ TÍCH HỢP CHATBOT AI HỖ TRỢ TRA CỨU THÔNG TIN | F1: Kết thúc
A2: Module name: | C2: Sprint 1 | F2: Tăng ca
A3: Start date: | C3: 46101 | F3: Muộn
A4: End date: | C4: 46121 | F4: Chậm tiến độ
F5: Trước thời hạn
B6: SPRINT 1 REPORT
B7: No | C7: Thành viên | D7: Thực tế | E7: Ước tính
B8: 1 | C8: Lê Xuân Khoa | D8: =SUMIF($E$16:$F$81,"Khoa",$G$16:$G$81)+SUMIF($E$16:$F$81,"All Team",$G$16:$G$81)/5 -> 33 | E8: =SUMIF($E$16:$F$81,"Khoa",$H$16:$H$81)+SUMIF($E$16:$F$81,"All Team",$H$16:$H$81)/5 -> 34
B9: 2 | C9: Hoàng Minh Khánh | D9: =SUMIF($E$16:$F$81,"Khánh",$G$16:$G$81)+SUMIF($E$16:$F$81,"All Team",$G$16:$G$81)/5+SUMIF($E$16:$F$81,"Khánh,Rin",$G$16:$G$81)/2 -> 33 | E9: =SUMIF($E$16:$F$81,"Khánh",$H$16:$H$81)+SUMIF($E$16:$F$81,"All Team",$H$16:$H$81)/5+SUMIF($E$16:$F$81,"Khánh,Rin",$H$16:$H$81)/2 -> 33
B10: 3 | C10: Đỗ Trương Hồng Duyên | D10: =SUMIF($E$16:$F$81,"Duyên",$G$16:$G$81)+SUMIF($E$16:$F$81,"All Team",$G$16:$G$81)/5 -> 31 | E10: =SUMIF($E$16:$F$81,"Duyên",$H$16:$H$81)+SUMIF($E$16:$F$81,"All Team",$H$16:$H$81)/5 -> 32
B11: 4 | C11: Phan Dương Phương Duy | D11: =SUMIF($E$16:$F$81,"Duy",$G$16:$G$81)+SUMIF($E$16:$F$81,"All Team",$G$16:$G$81)/5 -> 31 | E11: =SUMIF($E$16:$F$81,"Duy",$H$16:$H$81)+SUMIF($E$16:$F$81,"All Team",$H$16:$H$81)/5 -> 31
B12: 5 | C12: Phan Đình Rin | D12: =SUMIF($E$16:$F$81,"Rin",$G$16:$G$81)+SUMIF($E$16:$F$81,"All Team",$G$16:$G$81)/5+SUMIF($E$16:$F$81,"Khánh,Rin",$G$16:$G$81)/2 -> 33 | E12: =SUMIF($E$16:$F$81,"Rin",$H$16:$H$81)+SUMIF($E$16:$F$81,"All Team",$H$16:$H$81)/5+SUMIF($E$16:$F$81,"Khánh,Rin",$H$16:$H$81)/2 -> 33
B13: Tổng | D13: =SUM(D8:D12) -> 161 | E13: =SUM(E8:E12) -> 163
A15: Sprint | B15: Compoment | C15: Task name | E15: Responsible Member | G15: Thực tế | H15: Ước tính | I15: 46101 | J15: 46102 | K15: 46103 | L15: 46104 | M15: 46105 | N15: 46106 | O15: 46107 | P15: 46108 | Q15: 46109 | R15: 46110 | S15: 46111 | T15: 46112 | U15: 46113 | V15: 46114 | W15: 46115 | X15: 46116 | Y15: 46117 | Z15: 46118 | AA15: 46119 | AB15: 46120 | AC15: 46121
A16: Sprint 1 | B16: Họp kế hoạch Sprint | E16: All Team | G16: 10 | H16: 10 | I16: 0 | J16: 0 | K16: 0 | L16: 0 | M16: 0 | N16: 0 | O16: 0 | P16: 0 | Q16: 0 | R16: 0 | S16: 0 | T16: 0 | U16: 0 | V16: 0 | W16: 0 | X16: 0 | Y16: 0 | Z16: 0 | AA16: 0 | AB16: 0 | AC16: 0
B17: Tạo Sprint Backlog 1 | E17: Khoa | G17: 4 | H17: 4 | I17: 4 | J17: 0 | K17: 0 | L17: 0 | M17: 0 | N17: 0 | O17: 0 | P17: 0 | Q17: 0 | R17: 0 | S17: 0 | T17: 0 | U17: 0 | V17: 0 | W17: 0 | X17: 0 | Y17: 0 | Z17: 0 | AA17: 0 | AB17: 0 | AC17: 0
B18: Tạo tài liệu kiểm thử cho Sprint | E18: Duy | G18: 4 | H18: 4 | I18: 4 | J18: 0 | K18: 0 | L18: 0 | M18: 0 | N18: 0 | O18: 0 | P18: 0 | Q18: 0 | R18: 0 | S18: 0 | T18: 0 | U18: 0 | V18: 0 | W18: 0 | X18: 0 | Y18: 0 | Z18: 0 | AA18: 0 | AB18: 0 | AC18: 0
B19: User interface design | C19: Giao diện đang nhập | E19: Duyên | G19: 1 | H19: 1 | I19: 1 | J19: 1 | K19: 0 | L19: 0 | M19: 0 | N19: 0 | O19: 0 | P19: 0 | Q19: 0 | R19: 0 | S19: 0 | T19: 0 | U19: 0 | V19: 0 | W19: 0 | X19: 0 | Y19: 0 | Z19: 0 | AA19: 0 | AB19: 0 | AC19: 0
C20: Giao diện đăng xuất | E20: Rin | G20: 1 | H20: 1 | I20: 1 | J20: 1 | K20: 0 | L20: 0 | M20: 0 | N20: 0 | O20: 0 | P20: 0 | Q20: 0 | R20: 0 | S20: 0 | T20: 0 | U20: 0 | V20: 0 | W20: 0 | X20: 0 | Y20: 0 | Z20: 0 | AA20: 0 | AB20: 0 | AC20: 0
C21: Đổi mật khẩu | E21: Khánh | G21: 1 | H21: 1 | I21: 1 | J21: 1 | K21: 0 | L21: 0 | M21: 0 | N21: 0 | O21: 0 | P21: 0 | Q21: 0 | R21: 0 | S21: 0 | T21: 0 | U21: 0 | V21: 0 | W21: 0 | X21: 0 | Y21: 0 | Z21: 0 | AA21: 0 | AB21: 0 | AC21: 0
C22: Giao diện quản lí nhân viên | E22: Khoa | G22: 1 | H22: 2 | I22: 2 | J22: 2 | K22: 0 | L22: 0 | M22: 0 | N22: 0 | O22: 0 | P22: 0 | Q22: 0 | R22: 0 | S22: 0 | T22: 0 | U22: 0 | V22: 0 | W22: 0 | X22: 0 | Y22: 0 | Z22: 0 | AA22: 0 | AB22: 0 | AC22: 0
K23: 1
C24: Giao diện quản lí tài khoản nhân viên | E24: Duy | G24: 2 | H24: 2 | I24: 2 | J24: 2 | K24: 1 | L24: 0 | M24: 0 | N24: 0 | O24: 0 | P24: 0 | Q24: 0 | R24: 0 | S24: 0 | T24: 0 | U24: 0 | V24: 0 | W24: 0 | X24: 0 | Y24: 0 | Z24: 0 | AA24: 0 | AB24: 0 | AC24: 0
C25: Giao diện quản lí phòng ban | E25: Duyên | G25: 2 | H25: 2 | I25: 2 | J25: 2 | K25: 1 | L25: 0 | M25: 0 | N25: 0 | O25: 0 | P25: 0 | Q25: 0 | R25: 0 | S25: 0 | T25: 0 | U25: 0 | V25: 0 | W25: 0 | X25: 0 | Y25: 0 | Z25: 0 | AA25: 0 | AB25: 0 | AC25: 0
C26: Giao diện bản điều khiển | E26: Rin | G26: 2 | H26: 2 | I26: 2 | J26: 2 | K26: 1 | L26: 0 | M26: 0 | N26: 0 | O26: 0 | P26: 0 | Q26: 0 | R26: 0 | S26: 0 | T26: 0 | U26: 0 | V26: 0 | W26: 0 | X26: 0 | Y26: 0 | Z26: 0 | AA26: 0 | AB26: 0 | AC26: 0
C27: Giao diện trang cá nhân | E27: Khánh | G27: 2 | H27: 2 | I27: 2 | J27: 2 | K27: 1 | L27: 0 | M27: 0 | N27: 0 | O27: 0 | P27: 0 | Q27: 0 | R27: 0 | S27: 0 | T27: 0 | U27: 0 | V27: 0 | W27: 0 | X27: 0 | Y27: 0 | Z27: 0 | AA27: 0 | AB27: 0 | AC27: 0
C28: Review all user interfaces of sprint 1 | E28: All Team | G28: 10 | H28: 10 | I28: 10 | J28: 10 | K28: 10 | L28: 10 | M28: 0 | N28: 0 | O28: 0 | P28: 0 | Q28: 0 | R28: 0 | S28: 0 | T28: 0 | U28: 0 | V28: 0 | W28: 0 | X28: 0 | Y28: 0 | Z28: 0 | AA28: 0 | AB28: 0 | AC28: 0
B29: Design test case | C29: Thiết kế cho trường kiểm thử cho đăng nhập | E29: Duy | G29: 2 | H29: 2 | I29: 2 | J29: 2 | K29: 2 | L29: 2 | M29: 2 | N29: 0 | O29: 0 | P29: 0 | Q29: 0 | R29: 0 | S29: 0 | T29: 0 | U29: 0 | V29: 0 | W29: 0 | X29: 0 | Y29: 0 | Z29: 0 | AA29: 0 | AB29: 0 | AC29: 0
C30: Kiểm thử cho trường đăng xuất | E30: Duyên | G30: 2 | H30: 2 | I30: 2 | J30: 2 | K30: 2 | L30: 2 | M30: 2 | N30: 0 | O30: 0 | P30: 0 | Q30: 0 | R30: 0 | S30: 0 | T30: 0 | U30: 0 | V30: 0 | W30: 0 | X30: 0 | Y30: 0 | Z30: 0 | AA30: 0 | AB30: 0 | AC30: 0
C31: Kiểm thử cho trường đổi mật khẩu | E31: Khoa | G31: 2 | H31: 2 | I31: 2 | J31: 2 | K31: 2 | L31: 2 | M31: 2 | N31: 1 | O31: 0 | P31: 0 | Q31: 0 | R31: 0 | S31: 0 | T31: 0 | U31: 0 | V31: 0 | W31: 0 | X31: 0 | Y31: 0 | Z31: 0 | AA31: 0 | AB31: 0 | AC31: 0
C32: Thiết kế cho trường kiểm thử quản lí nhân viên | E32: Rin | G32: 2 | H32: 2 | I32: 2 | J32: 2 | K32: 2 | L32: 2 | M32: 2 | N32: 1 | O32: 0 | P32: 0 | Q32: 0 | R32: 0 | S32: 0 | T32: 0 | U32: 0 | V32: 0 | W32: 0 | X32: 0 | Y32: 0 | Z32: 0 | AA32: 0 | AB32: 0 | AC32: 0
C33: Thiết kế cho trường kiểm thử quản lí tài khoản nhân viên | E33: Khánh | G33: 2 | H33: 2 | I33: 2 | J33: 2 | K33: 2 | L33: 2 | M33: 2 | N33: 1 | O33: 0 | P33: 0 | Q33: 0 | R33: 0 | S33: 0 | T33: 0 | U33: 0 | V33: 0 | W33: 0 | X33: 0 | Y33: 0 | Z33: 0 | AA33: 0 | AB33: 0 | AC33: 0
C34: Thiết kế cho trường kiểm thử bản điều khiển | E34: Duy | G34: 2 | H34: 2 | I34: 2 | J34: 2 | K34: 2 | L34: 2 | M34: 2 | N34: 1 | O34: 0 | P34: 0 | Q34: 0 | R34: 0 | S34: 0 | T34: 0 | U34: 0 | V34: 0 | W34: 0 | X34: 0 | Y34: 0 | Z34: 0 | AA34: 0 | AB34: 0 | AC34: 0
C35: Thiết kể quản lí phòng ban | E35: Duyên | G35: 2 | H35: 2 | I35: 2 | J35: 2 | K35: 2 | L35: 2 | M35: 2 | N35: 1 | O35: 0 | P35: 0 | Q35: 0 | R35: 0 | S35: 0 | T35: 0 | U35: 0 | V35: 0 | W35: 0 | X35: 0 | Y35: 0 | Z35: 0 | AA35: 0 | AB35: 0 | AC35: 0
C36: Thiết kế kiểm thử cho trang cá nhân | E36: Khoa | G36: 2 | H36: 2 | I36: 2 | J36: 2 | K36: 2 | L36: 2 | M36: 2 | N36: 1 | O36: 0 | P36: 0 | Q36: 0 | R36: 0 | S36: 0 | T36: 0 | U36: 0 | V36: 0 | W36: 0 | X36: 0 | Y36: 0 | Z36: 0 | AA36: 0 | AB36: 0 | AC36: 0
C37: Review all test case of sprint 1 | E37: All Team | G37: 10 | H37: 10 | I37: 10 | J37: 10 | K37: 10 | L37: 10 | M37: 10 | N37: 10 | O37: 10 | P37: 0 | Q37: 0 | R37: 0 | S37: 0 | T37: 0 | U37: 0 | V37: 0 | W37: 0 | X37: 0 | Y37: 0 | Z37: 0 | AA37: 0 | AB37: 0 | AC37: 0
B38: Coding | C38: Thiết kế font-end cho trang đăng nhập | E38: Duy | G38: 2 | H38: 2 | I38: 2 | J38: 2 | K38: 2 | L38: 2 | M38: 2 | N38: 2 | O38: 2 | P38: 2 | Q38: 0 | R38: 0 | S38: 0 | T38: 0 | U38: 0 | V38: 0 | W38: 0 | X38: 0 | Y38: 0 | Z38: 0 | AA38: 0 | AB38: 0 | AC38: 0
C39: Code back-end cho trang đăng nhập | E39: Duy | G39: 2 | H39: 2 | I39: 2 | J39: 2 | K39: 2 | L39: 2 | M39: 2 | N39: 2 | O39: 2 | P39: 2 | Q39: 0 | R39: 0 | S39: 0 | T39: 0 | U39: 0 | V39: 0 | W39: 0 | X39: 0 | Y39: 0 | Z39: 0 | AA39: 0 | AB39: 0 | AC39: 0
C40: Code chức năng đăng xuất | E40: Khoa | G40: 1 | H40: 1 | I40: 1 | J40: 1 | K40: 1 | L40: 1 | M40: 1 | N40: 1 | O40: 1 | P40: 1 | Q40: 0 | R40: 0 | S40: 0 | T40: 0 | U40: 0 | V40: 0 | W40: 0 | X40: 0 | Y40: 0 | Z40: 0 | AA40: 0 | AB40: 0 | AC40: 0
C41: Thiết kế font-end cho trang đổi mật khẩu | E41: Khoa | G41: 2 | H41: 2 | I41: 2 | J41: 2 | K41: 2 | L41: 2 | M41: 2 | N41: 2 | O41: 2 | P41: 2 | Q41: 0 | R41: 0 | S41: 0 | T41: 0 | U41: 0 | V41: 0 | W41: 0 | X41: 0 | Y41: 0 | Z41: 0 | AA41: 0 | AB41: 0 | AC41: 0
C42: Code back-end cho trang đổi mật khẩu | E42: Khoa | G42: 2 | H42: 2 | I42: 2 | J42: 2 | K42: 2 | L42: 2 | M42: 2 | N42: 2 | O42: 2 | P42: 2 | Q42: 0 | R42: 0 | S42: 0 | T42: 0 | U42: 0 | V42: 0 | W42: 0 | X42: 0 | Y42: 0 | Z42: 0 | AA42: 0 | AB42: 0 | AC42: 0
C43: Thiết kế font-end cho trang quản lí nhân viên | E43: Rin | G43: 2 | H43: 2 | I43: 2 | J43: 2 | K43: 2 | L43: 2 | M43: 2 | N43: 2 | O43: 2 | P43: 2 | Q43: 0 | R43: 0 | S43: 0 | T43: 0 | U43: 0 | V43: 0 | W43: 0 | X43: 0 | Y43: 0 | Z43: 0 | AA43: 0 | AB43: 0 | AC43: 0
C44: Code back-end cho trang quản lí nhân viên | E44: Rin | G44: 4 | H44: 4 | I44: 4 | J44: 4 | K44: 4 | L44: 4 | M44: 4 | N44: 4 | O44: 4 | P44: 4 | Q44: 2 | R44: 0 | S44: 0 | T44: 0 | U44: 0 | V44: 0 | W44: 0 | X44: 0 | Y44: 0 | Z44: 0 | AA44: 0 | AB44: 0 | AC44: 0
C45: Thiết kế font-end cho trang quản lí tài khoản nhân viên | E45: Khánh | G45: 2 | H45: 2 | I45: 2 | J45: 2 | K45: 2 | L45: 2 | M45: 2 | N45: 2 | O45: 2 | P45: 2 | Q45: 0 | R45: 0 | S45: 0 | T45: 0 | U45: 0 | V45: 0 | W45: 0 | X45: 0 | Y45: 0 | Z45: 0 | AA45: 0 | AB45: 0 | AC45: 0
C46: Code back-end cho trang quản lí tài khoản nhân viên | E46: Khánh | G46: 4 | H46: 4 | I46: 4 | J46: 4 | K46: 4 | L46: 4 | M46: 4 | N46: 4 | O46: 4 | P46: 4 | Q46: 2 | R46: 0 | S46: 0 | T46: 0 | U46: 0 | V46: 0 | W46: 0 | X46: 0 | Y46: 0 | Z46: 0 | AA46: 0 | AB46: 0 | AC46: 0
C47: Thiết kế font-end cho trang Quản lí phòng ban | E47: Duyên | G47: 2 | H47: 2 | I47: 2 | J47: 2 | K47: 2 | L47: 2 | M47: 2 | N47: 2 | O47: 2 | P47: 2 | Q47: 0 | R47: 0 | S47: 0 | T47: 0 | U47: 0 | V47: 0 | W47: 0 | X47: 0 | Y47: 0 | Z47: 0 | AA47: 0 | AB47: 0 | AC47: 0
C48: Code back-end cho trang Quản lí phòng ban | E48: Duyên | G48: 4 | H48: 4 | I48: 4 | J48: 4 | K48: 4 | L48: 4 | M48: 4 | N48: 4 | O48: 4 | P48: 4 | Q48: 2 | R48: 0 | S48: 0 | T48: 0 | U48: 0 | V48: 0 | W48: 0 | X48: 0 | Y48: 0 | Z48: 0 | AA48: 0 | AB48: 0 | AC48: 0
C49: Thiết kế font-end cho trang điều khiển | E49: Khoa | G49: 3 | H49: 2 | I49: 2 | J49: 2 | K49: 2 | L49: 2 | M49: 2 | N49: 2 | O49: 2 | P49: 2 | Q49: 0 | R49: 0 | S49: 0 | T49: 0 | U49: 0 | V49: 0 | W49: 0 | X49: 0 | Y49: 0 | Z49: 0 | AA49: 0 | AB49: 0 | AC49: 0
Q50: 1
C51: Code back-end cho trang điều khiển | E51: Khánh | G51: 3 | H51: 3 | I51: 3 | J51: 3 | K51: 3 | L51: 3 | M51: 3 | N51: 3 | O51: 3 | P51: 3 | Q51: 3 | R51: 0 | S51: 0 | T51: 0 | U51: 0 | V51: 0 | W51: 0 | X51: 0 | Y51: 0 | Z51: 0 | AA51: 0 | AB51: 0 | AC51: 0
C52: Thiết kế font-end cho trang cá nhân | E52: Duyên | G52: 2 | H52: 2 | I52: 2 | J52: 2 | K52: 2 | L52: 2 | M52: 2 | N52: 2 | O52: 2 | P52: 2 | Q52: 2 | R52: 0 | S52: 0 | T52: 0 | U52: 0 | V52: 0 | W52: 0 | X52: 0 | Y52: 0 | Z52: 0 | AA52: 0 | AB52: 0 | AC52: 0
C53: Code back-end cho trang cá nhân | E53: Rin | G53: 4 | H53: 4 | I53: 4 | J53: 4 | K53: 4 | L53: 4 | M53: 4 | N53: 4 | O53: 4 | P53: 4 | Q53: 4 | R53: 2 | S53: 0 | T53: 0 | U53: 0 | V53: 0 | W53: 0 | X53: 0 | Y53: 0 | Z53: 0 | AA53: 0 | AB53: 0 | AC53: 0
C54: Integrate code | E54: All Team | G54: 10 | H54: 10 | I54: 10 | J54: 10 | K54: 10 | L54: 10 | M54: 10 | N54: 10 | O54: 10 | P54: 10 | Q54: 10 | R54: 10 | S54: 10 | T54: 0 | U54: 0 | V54: 0 | W54: 0 | X54: 0 | Y54: 0 | Z54: 0 | AA54: 0 | AB54: 0 | AC54: 0
B55: Testing | C55: Kiểm tra đăng nhập | E55: Rin | G55: 1 | H55: 1 | I55: 1 | J55: 1 | K55: 1 | L55: 1 | M55: 1 | N55: 1 | O55: 1 | P55: 1 | Q55: 1 | R55: 1 | S55: 1 | T55: 1 | U55: 0 | V55: 0 | W55: 0 | X55: 0 | Y55: 0 | Z55: 0 | AA55: 0 | AB55: 0 | AC55: 0
C56: Kiểm tra đăng xuất | E56: Khánh | G56: 1 | H56: 1 | I56: 1 | J56: 1 | K56: 1 | L56: 1 | M56: 1 | N56: 1 | O56: 1 | P56: 1 | Q56: 1 | R56: 1 | S56: 1 | T56: 1 | U56: 0 | V56: 0 | W56: 0 | X56: 0 | Y56: 0 | Z56: 0 | AA56: 0 | AB56: 0 | AC56: 0
C57: Kiểm tra đổi mật khẩu | E57: Duy | G57: 1 | H57: 1 | I57: 1 | J57: 1 | K57: 1 | L57: 1 | M57: 1 | N57: 1 | O57: 1 | P57: 1 | Q57: 1 | R57: 1 | S57: 1 | T57: 1 | U57: 0 | V57: 0 | W57: 0 | X57: 0 | Y57: 0 | Z57: 0 | AA57: 0 | AB57: 0 | AC57: 0
C58: Kiểm tra quản lí nhân viên | E58: Duyên | G58: 1 | H58: 2 | I58: 2 | J58: 2 | K58: 2 | L58: 2 | M58: 2 | N58: 2 | O58: 2 | P58: 2 | Q58: 2 | R58: 2 | S58: 2 | T58: 2 | U58: 0 | V58: 0 | W58: 0 | X58: 0 | Y58: 0 | Z58: 0 | AA58: 0 | AB58: 0 | AC58: 0
U59: 1
C60: Kiểm tra quản lí tài khoản nhân viên | E60: Khoa | G60: 2 | H60: 2 | I60: 2 | J60: 2 | K60: 2 | L60: 2 | M60: 2 | N60: 2 | O60: 2 | P60: 2 | Q60: 2 | R60: 2 | S60: 2 | T60: 2 | U60: 0 | V60: 0 | W60: 0 | X60: 0 | Y60: 0 | Z60: 0 | AA60: 0 | AB60: 0 | AC60: 0
C61: Kiểm tra quản lí phòng ban | E61: Rin | G61: 2 | H61: 2 | I61: 2 | J61: 2 | K61: 2 | L61: 2 | M61: 2 | N61: 2 | O61: 2 | P61: 2 | Q61: 2 | R61: 2 | S61: 2 | T61: 2 | U61: 0 | V61: 0 | W61: 0 | X61: 0 | Y61: 0 | Z61: 0 | AA61: 0 | AB61: 0 | AC61: 0
C62: Kiểm tra bản điều khiển | E62: Khánh | G62: 2 | H62: 2 | I62: 2 | J62: 2 | K62: 2 | L62: 2 | M62: 2 | N62: 2 | O62: 2 | P62: 2 | Q62: 2 | R62: 2 | S62: 2 | T62: 2 | U62: 0 | V62: 0 | W62: 0 | X62: 0 | Y62: 0 | Z62: 0 | AA62: 0 | AB62: 0 | AC62: 0
C63: Kiểm tra trang cá nhân | E63: Duy | G63: 2 | H63: 2 | I63: 2 | J63: 2 | K63: 2 | L63: 2 | M63: 2 | N63: 2 | O63: 2 | P63: 2 | Q63: 2 | R63: 2 | S63: 2 | T63: 2 | U63: 0 | V63: 0 | W63: 0 | X63: 0 | Y63: 0 | Z63: 0 | AA63: 0 | AB63: 0 | AC63: 0
B64: Fix Bug | C64: Sửa lỗi đăng nhập | E64: Duy | G64: 2 | H64: 2 | I64: 2 | J64: 2 | K64: 2 | L64: 2 | M64: 2 | N64: 2 | O64: 2 | P64: 2 | Q64: 2 | R64: 2 | S64: 2 | T64: 2 | U64: 2 | V64: 0 | W64: 0 | X64: 0 | Y64: 0 | Z64: 0 | AA64: 0 | AB64: 0 | AC64: 0
C65: Sửa lỗi đăng xuất | E65: Duyên | G65: 2 | H65: 2 | I65: 2 | J65: 2 | K65: 2 | L65: 2 | M65: 2 | N65: 2 | O65: 2 | P65: 2 | Q65: 2 | R65: 2 | S65: 2 | T65: 2 | U65: 2 | V65: 0 | W65: 0 | X65: 0 | Y65: 0 | Z65: 0 | AA65: 0 | AB65: 0 | AC65: 0
C66: Sửa lỗi đổi mật khẩu | E66: Khoa | G66: 2 | H66: 2 | I66: 2 | J66: 2 | K66: 2 | L66: 2 | M66: 2 | N66: 2 | O66: 2 | P66: 2 | Q66: 2 | R66: 2 | S66: 2 | T66: 2 | U66: 2 | V66: 0 | W66: 0 | X66: 0 | Y66: 0 | Z66: 0 | AA66: 0 | AB66: 0 | AC66: 0
C67: Sửa lỗi quản lí nhân viên | E67: Rin | G67: 2 | H67: 2 | I67: 2 | J67: 2 | K67: 2 | L67: 2 | M67: 2 | N67: 2 | O67: 2 | P67: 2 | Q67: 2 | R67: 2 | S67: 2 | T67: 2 | U67: 2 | V67: 1 | W67: 0 | X67: 0 | Y67: 0 | Z67: 0 | AA67: 0 | AB67: 0 | AC67: 0
C68: Sửa lỗi quản lí tài khoản nhân viên | E68: Khánh | G68: 2 | H68: 2 | I68: 2 | J68: 2 | K68: 2 | L68: 2 | M68: 2 | N68: 2 | O68: 2 | P68: 2 | Q68: 2 | R68: 2 | S68: 2 | T68: 2 | U68: 2 | V68: 1 | W68: 0 | X68: 0 | Y68: 0 | Z68: 0 | AA68: 0 | AB68: 0 | AC68: 0
C69: Sửa lỗi quản lí phòng ban | E69: Duyên | G69: 2 | H69: 2 | I69: 2 | J69: 2 | K69: 2 | L69: 2 | M69: 2 | N69: 2 | O69: 2 | P69: 2 | Q69: 2 | R69: 2 | S69: 2 | T69: 2 | U69: 2 | V69: 1 | W69: 0 | X69: 0 | Y69: 0 | Z69: 0 | AA69: 0 | AB69: 0 | AC69: 0
C70: Sửa lỗi bản điều khiển | E70: Khoa | G70: 2 | H70: 2 | I70: 2 | J70: 2 | K70: 2 | L70: 2 | M70: 2 | N70: 2 | O70: 2 | P70: 2 | Q70: 2 | R70: 2 | S70: 2 | T70: 2 | U70: 2 | V70: 1 | W70: 0 | X70: 0 | Y70: 0 | Z70: 0 | AA70: 0 | AB70: 0 | AC70: 0
C71: Sửa lỗi trang cá nhân | E71: Khánh | G71: 2 | H71: 2 | I71: 2 | J71: 2 | K71: 2 | L71: 2 | M71: 2 | N71: 2 | O71: 2 | P71: 2 | Q71: 2 | R71: 2 | S71: 2 | T71: 2 | U71: 2 | V71: 1 | W71: 0 | X71: 0 | Y71: 0 | Z71: 0 | AA71: 0 | AB71: 0 | AC71: 0
B72: Re-testing | C72: Kiểm tra lại đăng nhập | E72: Duyên | G72: 1 | H72: 1 | I72: 1 | J72: 1 | K72: 1 | L72: 1 | M72: 1 | N72: 1 | O72: 1 | P72: 1 | Q72: 1 | R72: 1 | S72: 1 | T72: 1 | U72: 1 | V72: 1 | W72: 1 | X72: 0 | Y72: 0 | Z72: 0 | AA72: 0 | AB72: 0 | AC72: 0
C73: Kiểm tra lại đăng xuất | E73: Khoa | G73: 1 | H73: 1 | I73: 1 | J73: 1 | K73: 1 | L73: 1 | M73: 1 | N73: 1 | O73: 1 | P73: 1 | Q73: 1 | R73: 1 | S73: 1 | T73: 1 | U73: 1 | V73: 1 | W73: 1 | X73: 0 | Y73: 0 | Z73: 0 | AA73: 0 | AB73: 0 | AC73: 0
C74: Kiểm tra lại đổi mật khẩu | E74: Rin | G74: 1 | H74: 1 | I74: 1 | J74: 1 | K74: 1 | L74: 1 | M74: 1 | N74: 1 | O74: 1 | P74: 1 | Q74: 1 | R74: 1 | S74: 1 | T74: 1 | U74: 1 | V74: 1 | W74: 1 | X74: 0 | Y74: 0 | Z74: 0 | AA74: 0 | AB74: 0 | AC74: 0
C75: Kiểm tra lại quản lí nhân viên | E75: Khánh | G75: 2 | H75: 2 | I75: 2 | J75: 2 | K75: 2 | L75: 2 | M75: 2 | N75: 2 | O75: 2 | P75: 2 | Q75: 2 | R75: 2 | S75: 2 | T75: 2 | U75: 2 | V75: 2 | W75: 2 | X75: 1 | Y75: 0 | Z75: 0 | AA75: 0 | AB75: 0 | AC75: 0
C76: Kiểm tra lại quản lí tài khoản nhân viên | E76: Duyên | G76: 2 | H76: 2 | I76: 2 | J76: 2 | K76: 2 | L76: 2 | M76: 2 | N76: 2 | O76: 2 | P76: 2 | Q76: 2 | R76: 2 | S76: 2 | T76: 2 | U76: 2 | V76: 2 | W76: 2 | X76: 1 | Y76: 0 | Z76: 0 | AA76: 0 | AB76: 0 | AC76: 0
C77: Kiểm tra lại quản lí phòng ban | E77: Khoa | G77: 2 | H77: 2 | I77: 2 | J77: 2 | K77: 2 | L77: 2 | M77: 2 | N77: 2 | O77: 2 | P77: 2 | Q77: 2 | R77: 2 | S77: 2 | T77: 2 | U77: 2 | V77: 2 | W77: 2 | X77: 1 | Y77: 0 | Z77: 0 | AA77: 0 | AB77: 0 | AC77: 0
C78: Kiểm tra lại bản điều khiển | E78: Duy | G78: 2 | H78: 2 | I78: 2 | J78: 2 | K78: 2 | L78: 2 | M78: 2 | N78: 2 | O78: 2 | P78: 2 | Q78: 2 | R78: 2 | S78: 2 | T78: 2 | U78: 2 | V78: 2 | W78: 2 | X78: 1 | Y78: 1 | Z78: 0 | AA78: 0 | AB78: 0 | AC78: 0
C79: Kiểm tra lại trang cá nhân | E79: Rin | G79: 2 | H79: 2 | I79: 2 | J79: 2 | K79: 2 | L79: 2 | M79: 2 | N79: 2 | O79: 2 | P79: 2 | Q79: 2 | R79: 2 | S79: 2 | T79: 2 | U79: 2 | V79: 2 | W79: 2 | X79: 2 | Y79: 1 | Z79: 1 | AA79: 0 | AB79: 0 | AC79: 0
B80: Release Sprint 1 | C80: Sprint 1 review meeting | E80: All Team | G80: 2 | H80: 5 | I80: 5 | J80: 5 | K80: 5 | L80: 5 | M80: 5 | N80: 5 | O80: 5 | P80: 5 | Q80: 5 | R80: 5 | S80: 5 | T80: 5 | U80: 5 | V80: 5 | W80: 5 | X80: 5 | Y80: 5 | Z80: 5 | AA80: 5 | AB80: 0 | AC80: 0
C81: Sprint 1 retrospective | E81: All Team | G81: 8 | H81: 5 | I81: 5 | J81: 5 | K81: 5 | L81: 5 | M81: 5 | N81: 5 | O81: 5 | P81: 5 | Q81: 5 | R81: 5 | S81: 5 | T81: 5 | U81: 5 | V81: 5 | W81: 5 | X81: 5 | Y81: 5 | Z81: 5 | AA81: 5 | AB81: 5 | AC81: 0
B82: Tổng | E82: Thực tế | G82: =SUM(G16:G81) -> 166 | I82: =SUM(I16:I81) -> 157 | J82: =SUM(J16:J81) -> 149 | K82: =SUM(K16:K81)-K23-K23 -> 139 | L82: =SUM(L16:L81) -> 136 | M82: =SUM(M16:M81) -> 126 | N82: =SUM(N16:N81) -> 116 | O82: =SUM(O16:O81) -> 110 | P82: =SUM(P16:P81) -> 100 | Q82: =SUM(Q16:Q81)-Q50+Q50 -> 78 | R82: =SUM(R16:R81) -> 64 | S82: =SUM(S16:S81) -> 62 | T82: =SUM(T16:T81) -> 52 | U82: =SUM(U16:U81)-U59-U59 -> 38 | V82: =SUM(V16:V81) -> 28 | W82: =SUM(W16:W81) -> 23 | X82: =SUM(X16:X81) -> 16 | Y82: =SUM(Y16:Y81) -> 12 | Z82: =SUM(Z16:Z81) -> 11 | AA82: =SUM(AA16:AA81) -> 10 | AB82: =SUM(AB16:AB81) -> 5 | AC82: =SUM(AC16:AC81) -> 0
E83: Ước tính | G83: =SUM(H16:H81) -> 167 | I83: =SUM(I16:I81) -> 157 | J83: =SUM(J16:J81) -> 149 | K83: =SUM(K16:K81)-K23 -> 140 | L83: =SUM(L16:L81) -> 136 | M83: =SUM(M16:M81) -> 126 | N83: =SUM(N16:N81) -> 116 | O83: =SUM(O16:O81) -> 110 | P83: =SUM(P16:P81) -> 100 | Q83: =SUM(Q16:Q81)-Q50 -> 77 | R83: =SUM(R16:R81) -> 64 | S83: =SUM(S16:S81) -> 62 | T83: =SUM(T16:T81) -> 52 | U83: =SUM(U16:U81)-U59 -> 39 | V83: =SUM(V16:V81) -> 28 | W83: =SUM(W16:W81) -> 23 | X83: =SUM(X16:X81) -> 16 | Y83: =SUM(Y16:Y81) -> 12 | Z83: =SUM(Z16:Z81) -> 11 | AA83: =SUM(AA16:AA81) -> 10 | AB83: =SUM(AB16:AB81) -> 5 | AC83: =SUM(AC16:AC81) -> 0

Sheet Sprint 2
A1: Project name: | C1: XÂY DỰNG HỆ THỐNG QUẢN LÝ NHÂN SỰ CHO DOANH NGHIỆP NHỎ TÍCH HỢP CHATBOT AI HỖ TRỢ TRA CỨU THÔNG TIN | F1: Kết thúc
A2: Module name: | C2: Sprint 2 | F2: Tăng ca
A3: Start date: | C3: 46122 | F3: Muộn
A4: End date: | C4: 46142 | F4: Chậm tiến độ
F5: Trước thời hạn
B6: SPRINT 1 REPORT
B7: No | C7: Thành viên | D7: Thực tế | E7: Ước tính
B8: 1 | C8: Lê Xuân Khoa | D8: =SUMIF(E16:$F$69,"Khoa",$G$16:$G$69)+SUMIF(E16:$F$69,"All Team",$G$16:$G$69)/5 -> 28 | E8: =SUMIF($E$16:$F$69,"Khoa",$H$16:$H$69)+SUMIF($E$16:$F$69,"All Team",$H$16:$H$69)/5 -> 28
B9: 2 | C9: Hoàng Minh Khánh | D9: =SUMIF($E$16:$F$69,"Khánh",$G$16:$G$69)+SUMIF($E$16:$F$69,"All Team",$G$16:$G$69)/5 -> 27 | E9: =SUMIF($E$16:$F$69,"Khánh",$H$16:$H$69)+SUMIF($E$16:$F$69,"All Team",$H$16:$H$69)/5 -> 27
B10: 3 | C10: Đỗ Trương Hồng Duyên | D10: =SUMIF(E16:$F$69,"Duyên",$G$16:$G$69)+SUMIF(E16:$F$69,"All Team",$G$16:$G$69)/5 -> 28 | E10: =SUMIF($E$16:$F$69,"Duyên",$H$16:$H$69)+SUMIF($E$16:$F$69,"All Team",$H$16:$H$69)/5 -> 28
B11: 4 | C11: Phan Dương Phương Duy | D11: =SUMIF(E16:$F$69,"Duy",$G$16:$G$69)+SUMIF(E16:$F$69,"All Team",$G$16:$G$69)/5 -> 27 | E11: =SUMIF($E$16:$F$69,"Duy",$H$16:$H$69)+SUMIF($E$16:$F$69,"All Team",$H$16:$H$69)/5 -> 28
B12: 5 | C12: Phan Đình Rin | D12: =SUMIF(E16:$F$69,"Rin",$G$16:$G$69)+SUMIF(E16:$F$69,"All Team",$G$16:$G$69)/5 -> 31 | E12: =SUMIF($E$16:$F$69,"Rin",$H$16:$H$69)+SUMIF($E$16:$F$69,"All Team",$H$16:$H$69)/5 -> 31
B13: Tổng | D13: =SUM(D8:D12) -> 141 | E13: =SUM(E8:E12) -> 142
A15: Sprint | B15: Compoment | C15: Task name | E15: Responsible Member | G15: Thực tế | H15: Ước tính | I15: 46122 | J15: 46123 | K15: 46124 | L15: 46125 | M15: 46126 | N15: 46127 | O15: 46128 | P15: 46129 | Q15: 46130 | R15: 46131 | S15: 46132 | T15: 46133 | U15: 46134 | V15: 46135 | W15: 46136 | X15: 46137 | Y15: 46138 | Z15: 46139 | AA15: 46140 | AB15: 46141 | AC15: 46142
A16: sprint 2 | B16: Họp kế hoạch Sprint | E16: All Team | G16: 10 | H16: 10 | I16: 0 | J16: 0 | K16: 0 | L16: 0 | M16: 0 | N16: 0 | O16: 0 | P16: 0 | Q16: 0 | R16: 0 | S16: 0 | T16: 0 | U16: 0 | V16: 0 | W16: 0 | X16: 0 | Y16: 0 | Z16: 0 | AA16: 0 | AB16: 0 | AC16: 0
B17: Tạo Sprint Backlog 2 | E17: Duy | G17: 4 | H17: 4 | I17: 0 | J17: 0 | K17: 0 | L17: 0 | M17: 0 | N17: 0 | O17: 0 | P17: 0 | Q17: 0 | R17: 0 | S17: 0 | T17: 0 | U17: 0 | V17: 0 | W17: 0 | X17: 0 | Y17: 0 | Z17: 0 | AA17: 0 | AB17: 0 | AC17: 0
B18: Tạo tài liệu kiểm thử cho Sprint | E18: Duy | G18: 4 | H18: 4 | I18: 2 | J18: 0 | K18: 0 | L18: 0 | M18: 0 | N18: 0 | O18: 0 | P18: 0 | Q18: 0 | R18: 0 | S18: 0 | T18: 0 | U18: 0 | V18: 0 | W18: 0 | X18: 0 | Y18: 0 | Z18: 0 | AA18: 0 | AB18: 0 | AC18: 0
B19: User interface design | C19: Giao diện lịch sử chấm công | E19: Duyên | G19: 2 | H19: 2 | I19: 2 | J19: 2 | K19: 0 | L19: 0 | M19: 0 | N19: 0 | O19: 0 | P19: 0 | Q19: 0 | R19: 0 | S19: 0 | T19: 0 | U19: 0 | V19: 0 | W19: 0 | X19: 0 | Y19: 0 | Z19: 0 | AA19: 0 | AB19: 0 | AC19: 0
C20: Giao diện quản lí chấm công | E20: Khoa | G20: 2 | H20: 2 | I20: 2 | J20: 2 | K20: 0 | L20: 0 | M20: 0 | N20: 0 | O20: 0 | P20: 0 | Q20: 0 | R20: 0 | S20: 0 | T20: 0 | U20: 0 | V20: 0 | W20: 0 | X20: 0 | Y20: 0 | Z20: 0 | AA20: 0 | AB20: 0 | AC20: 0
C21: Giao diện quản lí đơn nghỉ phép | E21: Rin | G21: 2 | H21: 2 | I21: 2 | J21: 2 | K21: 0 | L21: 0 | M21: 0 | N21: 0 | O21: 0 | P21: 0 | Q21: 0 | R21: 0 | S21: 0 | T21: 0 | U21: 0 | V21: 0 | W21: 0 | X21: 0 | Y21: 0 | Z21: 0 | AA21: 0 | AB21: 0 | AC21: 0
C22: Giao diện xin nghỉ phép | E22: Khánh | G22: 2 | H22: 2 | I22: 2 | J22: 2 | K22: 0 | L22: 0 | M22: 0 | N22: 0 | O22: 0 | P22: 0 | Q22: 0 | R22: 0 | S22: 0 | T22: 0 | U22: 0 | V22: 0 | W22: 0 | X22: 0 | Y22: 0 | Z22: 0 | AA22: 0 | AB22: 0 | AC22: 0
C23: Giao diện lịch sử lương | E23: Duyên | G23: 2 | H23: 2 | I23: 2 | J23: 2 | K23: 0 | L23: 0 | M23: 0 | N23: 0 | O23: 0 | P23: 0 | Q23: 0 | R23: 0 | S23: 0 | T23: 0 | U23: 0 | V23: 0 | W23: 0 | X23: 0 | Y23: 0 | Z23: 0 | AA23: 0 | AB23: 0 | AC23: 0
C24: Giao diện quản lí lương | E24: Khoa | G24: 2 | H24: 2 | I24: 2 | J24: 2 | K24: 0 | L24: 0 | M24: 0 | N24: 0 | O24: 0 | P24: 0 | Q24: 0 | R24: 0 | S24: 0 | T24: 0 | U24: 0 | V24: 0 | W24: 0 | X24: 0 | Y24: 0 | Z24: 0 | AA24: 0 | AB24: 0 | AC24: 0
C25: Review all user interfaces of sprint 2 | E25: All Team | G25: 10 | H25: 10 | I25: 10 | J25: 10 | K25: 10 | L25: 0 | M25: 0 | N25: 0 | O25: 0 | P25: 0 | Q25: 0 | R25: 0 | S25: 0 | T25: 0 | U25: 0 | V25: 0 | W25: 0 | X25: 0 | Y25: 0 | Z25: 0 | AA25: 0 | AB25: 0 | AC25: 0
B26: Design test case | C26: Thiết kế cho trường kiểm thử cho lịch sử chấm công | E26: Duyên | G26: 2 | H26: 2 | I26: 2 | J26: 2 | K26: 2 | L26: 2 | M26: 0 | N26: 0 | O26: 0 | P26: 0 | Q26: 0 | R26: 0 | S26: 0 | T26: 0 | U26: 0 | V26: 0 | W26: 0 | X26: 0 | Y26: 0 | Z26: 0 | AA26: 0 | AB26: 0 | AC26: 0
C27: Kiểm thử cho trường quản lí chấm công | E27: Khoa | G27: 2 | H27: 2 | I27: 2 | J27: 2 | K27: 2 | L27: 2 | M27: 0 | N27: 0 | O27: 0 | P27: 0 | Q27: 0 | R27: 0 | S27: 0 | T27: 0 | U27: 0 | V27: 0 | W27: 0 | X27: 0 | Y27: 0 | Z27: 0 | AA27: 0 | AB27: 0 | AC27: 0
C28: Kiểm thử cho trường xin nghỉ phép | E28: Rin | G28: 2 | H28: 2 | I28: 2 | J28: 2 | K28: 2 | L28: 2 | M28: 0 | N28: 0 | O28: 0 | P28: 0 | Q28: 0 | R28: 0 | S28: 0 | T28: 0 | U28: 0 | V28: 0 | W28: 0 | X28: 0 | Y28: 0 | Z28: 0 | AA28: 0 | AB28: 0 | AC28: 0
C29: Thiết kế cho trường kiểm thử quản lí đơn xin nghỉ phép | E29: Khánh | G29: 2 | H29: 2 | I29: 2 | J29: 2 | K29: 2 | L29: 2 | M29: 0 | N29: 0 | O29: 0 | P29: 0 | Q29: 0 | R29: 0 | S29: 0 | T29: 0 | U29: 0 | V29: 0 | W29: 0 | X29: 0 | Y29: 0 | Z29: 0 | AA29: 0 | AB29: 0 | AC29: 0
C30: Thiết kế cho trường kiểm thử lịch sử lương | E30: Duy | G30: 2 | H30: 2 | I30: 2 | J30: 2 | K30: 2 | L30: 2 | M30: 0 | N30: 0 | O30: 0 | P30: 0 | Q30: 0 | R30: 0 | S30: 0 | T30: 0 | U30: 0 | V30: 0 | W30: 0 | X30: 0 | Y30: 0 | Z30: 0 | AA30: 0 | AB30: 0 | AC30: 0
C31: Thiết kế cho trường kiểm thử quản lí lương | E31: Duyên | G31: 2 | H31: 2 | I31: 2 | J31: 2 | K31: 2 | L31: 2 | M31: 0 | N31: 0 | O31: 0 | P31: 0 | Q31: 0 | R31: 0 | S31: 0 | T31: 0 | U31: 0 | V31: 0 | W31: 0 | X31: 0 | Y31: 0 | Z31: 0 | AA31: 0 | AB31: 0 | AC31: 0
C32: Review all test case of sprint 2 | E32: All Team | G32: 10 | H32: 10 | I32: 10 | J32: 10 | K32: 10 | L32: 10 | M32: 10 | N32: 0 | O32: 0 | P32: 0 | Q32: 0 | R32: 0 | S32: 0 | T32: 0 | U32: 0 | V32: 0 | W32: 0 | X32: 0 | Y32: 0 | Z32: 0 | AA32: 0 | AB32: 0 | AC32: 0
B33: Coding | C33: Thiết kế font-end cho lịch sử chấm công | E33: Rin | G33: 1 | H33: 2 | I33: 2 | J33: 2 | K33: 2 | L33: 2 | M33: 2 | N33: 2 | O33: 0 | P33: 0 | Q33: 0 | R33: 0 | S33: 0 | T33: 0 | U33: 0 | V33: 0 | W33: 0 | X33: 0 | Y33: 0 | Z33: 0 | AA33: 0 | AB33: 0 | AC33: 0
O34: 1
C35: Code back-end cho lịch sử chấm công | E35: Rin | G35: 3 | H35: 3 | I35: 3 | J35: 3 | K35: 3 | L35: 3 | M35: 3 | N35: 3 | O35: 3 | P35: 0 | Q35: 0 | R35: 0 | S35: 0 | T35: 0 | U35: 0 | V35: 0 | W35: 0 | X35: 0 | Y35: 0 | Z35: 0 | AA35: 0 | AB35: 0 | AC35: 0
C36: Thiết kê font-end cho trang quản lí chấm công | E36: Duy | G36: 1 | H36: 2 | I36: 2 | J36: 2 | K36: 2 | L36: 2 | M36: 2 | N36: 2 | O36: 0 | P36: 0 | Q36: 0 | R36: 0 | S36: 0 | T36: 0 | U36: 0 | V36: 0 | W36: 0 | X36: 0 | Y36: 0 | Z36: 0 | AA36: 0 | AB36: 0 | AC36: 0
O37: 1
C38: Code back-end cho trang quản lí chấm công | E38: Duy | G38: 3 | H38: 3 | I38: 3 | J38: 3 | K38: 3 | L38: 3 | M38: 3 | N38: 3 | O38: 3 | P38: 3 | Q38: 0 | R38: 3 | S38: 0 | T38: 0 | U38: 0 | V38: 0 | W38: 0 | X38: 0 | Y38: 0 | Z38: 0 | AA38: 0 | AB38: 0 | AC38: 0
C39: Thiết kế font-end cho trang xin nghỉ phép | E39: Duyên | G39: 2 | H39: 2 | I39: 2 | J39: 2 | K39: 2 | L39: 2 | M39: 2 | N39: 2 | O39: 2 | P39: 2 | Q39: 0 | R39: 0 | S39: 0 | T39: 0 | U39: 0 | V39: 0 | W39: 0 | X39: 0 | Y39: 0 | Z39: 0 | AA39: 0 | AB39: 0 | AC39: 0
C40: Code back-end cho trang xin nghỉ phép | E40: Duyên | G40: 3 | H40: 3 | I40: 3 | J40: 3 | K40: 3 | L40: 3 | M40: 3 | N40: 3 | O40: 3 | P40: 3 | Q40: 3 | R40: 0
C41: Thiết kế font-end cho trang quản lí đơn nghỉ phép | E41: Khoa | G41: 2 | H41: 2 | I41: 2 | J41: 2 | K41: 2 | L41: 2 | M41: 2 | N41: 2 | O41: 2 | P41: 2 | Q41: 2 | R41: 0 | S41: 0 | T41: 0 | U41: 0 | V41: 0 | W41: 0 | X41: 0 | Y41: 0 | Z41: 0 | AA41: 0 | AB41: 0 | AC41: 0
C42: Code back-end cho trang quản lí đơn nghỉ phép | E42: Khoa | G42: 3 | H42: 3 | I42: 3 | J42: 3 | K42: 3 | L42: 3 | M42: 3 | N42: 3 | O42: 3 | P42: 3 | Q42: 3 | R42: 0 | S42: 0 | T42: 0 | U42: 0 | V42: 0 | W42: 0 | X42: 0 | Y42: 0 | Z42: 0 | AA42: 0 | AB42: 0 | AC42: 0
C43: Thiết kế font-end cho trang lịch sử lương | E43: Khánh | G43: 2 | H43: 2 | I43: 2 | J43: 2 | K43: 2 | L43: 2 | M43: 2 | N43: 2 | O43: 2 | P43: 2 | Q43: 2 | R43: 2 | S43: 0 | T43: 0 | U43: 0 | V43: 0 | W43: 0 | X43: 0 | Y43: 0 | Z43: 0 | AA43: 0 | AB43: 0 | AC43: 0
C44: Code back-end cho trang lịch sử lương | E44: Khánh | G44: 3 | H44: 3 | I44: 3 | J44: 3 | K44: 3 | L44: 3 | M44: 3 | N44: 3 | O44: 3 | P44: 3 | Q44: 3 | R44: 3 | S44: 0 | T44: 0 | U44: 0 | V44: 0 | W44: 0 | X44: 0 | Y44: 0 | Z44: 0 | AA44: 0 | AB44: 0 | AC44: 0
C45: Thiết kế font-end cho trang quản lí lương | E45: Rin | G45: 2 | H45: 2 | I45: 2 | J45: 2 | K45: 2 | L45: 2 | M45: 2 | N45: 2 | O45: 2 | P45: 2 | Q45: 2 | R45: 2 | S45: 0 | T45: 0 | U45: 0 | V45: 0 | W45: 0 | X45: 0 | Y45: 0 | Z45: 0 | AA45: 0 | AB45: 0 | AC45: 0
S46: 1
C47: Code back-end cho trang quản lí lương | E47: Khánh | G47: 3 | H47: 3 | I47: 3 | J47: 3 | K47: 3 | L47: 3 | M47: 3 | N47: 3 | O47: 3 | P47: 3 | Q47: 3 | R47: 3 | S47: 0 | T47: 0 | U47: 0 | V47: 0 | W47: 0 | X47: 0 | Y47: 0 | Z47: 0 | AA47: 0 | AB47: 0 | AC47: 0
C48: Integrate code | E48: All Team | G48: 10 | H48: 10 | I48: 10 | J48: 10 | K48: 10 | L48: 10 | M48: 10 | N48: 10 | O48: 10 | P48: 10 | Q48: 10 | R48: 10 | S48: 10 | T48: 0 | U48: 0 | V48: 0 | W48: 0 | X48: 0 | Y48: 0 | Z48: 0 | AA48: 0 | AB48: 0 | AC48: 0
B49: Testing | C49: Kiểm tra lịch sử chấm công | E49: Khoa | G49: 2 | H49: 2 | I49: 2 | J49: 2 | K49: 2 | L49: 2 | M49: 2 | N49: 2 | O49: 2 | P49: 2 | Q49: 2 | R49: 2 | S49: 2 | T49: 2 | U49: 0 | V49: 0 | W49: 0 | X49: 0 | Y49: 0 | Z49: 0 | AA49: 0 | AB49: 0 | AC49: 0
C50: Kiểm tra quản lí chấm công | E50: Rin | G50: 2 | H50: 2 | I50: 2 | J50: 2 | K50: 2 | L50: 2 | M50: 2 | N50: 2 | O50: 2 | P50: 2 | Q50: 2 | R50: 2 | S50: 2 | T50: 2 | U50: 0 | V50: 0 | W50: 0 | X50: 0 | Y50: 0 | Z50: 0 | AA50: 0 | AB50: 0 | AC50: 0
C51: Kiểm tra xin nghỉ phép | E51: Khánh | G51: 2 | H51: 2 | I51: 2 | J51: 2 | K51: 2 | L51: 2 | M51: 2 | N51: 2 | O51: 2 | P51: 2 | Q51: 2 | R51: 2 | S51: 2 | T51: 2 | U51: 0 | V51: 0 | W51: 0 | X51: 0 | Y51: 0 | Z51: 0 | AA51: 0 | AB51: 0 | AC51: 0
C52: Kiểm tra quản lí đơn xin nghỉ phép | E52: Duy | G52: 2 | H52: 2 | I52: 2 | J52: 2 | K52: 2 | L52: 2 | M52: 2 | N52: 2 | O52: 2 | P52: 2 | Q52: 2 | R52: 2 | S52: 2 | T52: 2 | U52: 0 | V52: 0 | W52: 0 | X52: 0 | Y52: 0 | Z52: 0 | AA52: 0 | AB52: 0 | AC52: 0
C53: Kiểm tra lịch sử lương | E53: Duyên | G53: 2 | H53: 2 | I53: 2 | J53: 2 | K53: 2 | L53: 2 | M53: 2 | N53: 2 | O53: 2 | P53: 2 | Q53: 2 | R53: 2 | S53: 2 | T53: 2 | U53: 0 | V53: 0 | W53: 0 | X53: 0 | Y53: 0 | Z53: 0 | AA53: 0 | AB53: 0 | AC53: 0
C54: Kiểm tra quản lí lương | E54: Khoa | G54: 2 | H54: 2 | I54: 2 | J54: 2 | K54: 2 | L54: 2 | M54: 2 | N54: 2 | O54: 2 | P54: 2 | Q54: 2 | R54: 2 | S54: 2 | T54: 2 | U54: 0 | V54: 0 | W54: 0 | X54: 0 | Y54: 0 | Z54: 0 | AA54: 0 | AB54: 0 | AC54: 0
B55: Fix Bug | C55: Sửa lỗi lịch sử chấm công | E55: Rin | G55: 2 | H55: 2 | I55: 2 | J55: 2 | K55: 2 | L55: 2 | M55: 2 | N55: 2 | O55: 2 | P55: 2 | Q55: 2 | R55: 2 | S55: 2 | T55: 2 | U55: 1 | V55: 0 | W55: 0 | X55: 0 | Y55: 0 | Z55: 0 | AA55: 0 | AB55: 0 | AC55: 0
C56: Sửa lỗi quản lí chấm công | E56: Rin | G56: 3 | H56: 2 | I56: 2 | J56: 2 | K56: 2 | L56: 2 | M56: 2 | N56: 2 | O56: 2 | P56: 2 | Q56: 2 | R56: 2 | S56: 2 | T56: 2 | U56: 1 | V56: 0 | W56: 0 | X56: 0 | Y56: 0 | Z56: 0 | AA56: 0 | AB56: 0 | AC56: 0
V57: 1
C58: Sửa lỗi xin nghỉ phép | E58: Duyên | G58: 2 | H58: 2 | I58: 2 | J58: 2 | K58: 2 | L58: 2 | M58: 2 | N58: 2 | O58: 2 | P58: 2 | Q58: 2 | R58: 2 | S58: 2 | T58: 2 | U58: 1 | V58: 0 | W58: 0 | X58: 0 | Y58: 0 | Z58: 0 | AA58: 0 | AB58: 0 | AC58: 0
C59: Sửa lỗi quản lí đơn nghỉ phép | E59: Khoa | G59: 2 | H59: 2 | I59: 2 | J59: 2 | K59: 2 | L59: 2 | M59: 2 | N59: 2 | O59: 2 | P59: 2 | Q59: 2 | R59: 2 | S59: 2 | T59: 2 | U59: 1 | V59: 0 | W59: 0 | X59: 0 | Y59: 0 | Z59: 0 | AA59: 0 | AB59: 0 | AC59: 0
C60: Sửa lỗi lịch sử lương | E60: Khánh | G60: 2 | H60: 2 | I60: 2 | J60: 2 | K60: 2 | L60: 2 | M60: 2 | N60: 2 | O60: 2 | P60: 2 | Q60: 2 | R60: 2 | S60: 2 | T60: 2 | U60: 1 | V60: 1 | W60: 0 | X60: 0 | Y60: 0 | Z60: 0 | AA60: 0 | AB60: 0 | AC60: 0
C61: Sửa lỗi quản lí lương | E61: Rin | G61: 2 | H61: 2 | I61: 2 | J61: 2 | K61: 2 | L61: 2 | M61: 2 | N61: 2 | O61: 2 | P61: 2 | Q61: 2 | R61: 2 | S61: 2 | T61: 2 | U61: 1 | V61: 1 | W61: 0 | X61: 0 | Y61: 0 | Z61: 0 | AA61: 0 | AB61: 0 | AC61: 0
B62: Re-testing | C62: Kiểm tra lại lịch sử chấm công | E62: Rin | G62: 1 | H62: 1 | I62: 1 | J62: 1 | K62: 1 | L62: 1 | M62: 1 | N62: 1 | O62: 1 | P62: 1 | Q62: 1 | R62: 1 | S62: 1 | T62: 1 | U62: 1 | V62: 1 | W62: 1 | X62: 0 | Y62: 0 | Z62: 0 | AA62: 0 | AB62: 0 | AC62: 0
C63: Kiểm tra lại quản lí chấm công | E63: Khánh | G63: 1 | H63: 1 | I63: 1 | J63: 1 | K63: 1 | L63: 1 | M63: 1 | N63: 1 | O63: 1 | P63: 1 | Q63: 1 | R63: 1 | S63: 1 | T63: 1 | U63: 1 | V63: 1 | W63: 1 | X63: 1 | Y63: 0 | Z63: 0 | AA63: 0 | AB63: 0 | AC63: 0
C64: Kiểm tra lại xin nghỉ phép | E64: Duy | G64: 1 | H64: 1 | I64: 1 | J64: 1 | K64: 1 | L64: 1 | M64: 1 | N64: 1 | O64: 1 | P64: 1 | Q64: 1 | R64: 1 | S64: 1 | T64: 1 | U64: 1 | V64: 1 | W64: 1 | X64: 1 | Y64: 1 | Z64: 0 | AA64: 0 | AB64: 0 | AC64: 0
C65: Kiểm tra lại quản lí đơn nghỉ phép | E65: Duyên | G65: 1 | H65: 1 | I65: 1 | J65: 1 | K65: 1 | L65: 1 | M65: 1 | N65: 1 | O65: 1 | P65: 1 | Q65: 1 | R65: 1 | S65: 1 | T65: 1 | U65: 1 | V65: 1 | W65: 1 | X65: 1 | Y65: 1 | Z65: 1 | AA65: 0 | AB65: 0 | AC65: 0
C66: Kiểm tra lại lịch sử lương | E66: Khoa | G66: 1 | H66: 1 | I66: 1 | J66: 1 | K66: 1 | L66: 1 | M66: 1 | N66: 1 | O66: 1 | P66: 1 | Q66: 1 | R66: 1 | S66: 1 | T66: 1 | U66: 1 | V66: 1 | W66: 1 | X66: 1 | Y66: 1 | Z66: 1 | AA66: 0 | AB66: 0 | AC66: 0
C67: Kiểm tra lại quản lí lương | E67: Rin | G67: 1 | H67: 1 | I67: 1 | J67: 1 | K67: 1 | L67: 1 | M67: 1 | N67: 1 | O67: 1 | P67: 1 | Q67: 1 | R67: 1 | S67: 1 | T67: 1 | U67: 1 | V67: 1 | W67: 1 | X67: 1 | Y67: 1 | Z67: 1 | AA67: 0 | AB67: 0 | AC67: 0
B68: Release Sprint 2 | C68: Sprint 2 review meeting | E68: All Team | G68: 5 | H68: 5 | I68: 5 | J68: 5 | K68: 5 | L68: 5 | M68: 5 | N68: 5 | O68: 5 | P68: 5 | Q68: 5 | R68: 5 | S68: 5 | T68: 5 | U68: 5 | V68: 5 | W68: 5 | X68: 5 | Y68: 5 | Z68: 5 | AA68: 5 | AB68: 0 | AC68: 0
C69: Sprint 2 retrospective | E69: All Team | G69: 5 | H69: 5 | I69: 5 | J69: 5 | K69: 5 | L69: 5 | M69: 5 | N69: 5 | O69: 5 | P69: 5 | Q69: 5 | R69: 5 | S69: 5 | T69: 5 | U69: 5 | V69: 5 | W69: 5 | X69: 5 | Y69: 5 | Z69: 5 | AA69: 5 | AB69: 5 | AC69: 0
B70: Tổng | E70: Thực tế | G70: =SUM(G16:G69) -> 141 | I70: =I71 -> 126 | J70: =J71 -> 124 | K70: =K71 -> 112 | L70: =L71 -> 102 | M70: =M71 -> 90 | N70: =N71 -> 80 | O70: =O71-O34-O37 -> 74 | P70: =P71 -> 73 | Q70: =Q71 -> 68 | R70: =R71 -> 63 | S70: =S71+S46 -> 51 | T70: =T71 -> 40 | U70: =U71 -> 22 | V70: =V71+V57 -> 19 | W70: =W71 -> 16 | X70: =X71 -> 15 | Y70: =Y71 -> 14 | Z70: =Z71 -> 13 | AA70: =AA71 -> 10 | AB70: =AB71 -> 5 | AC70: =AC71 -> 0
E71: Ước tính | G71: =SUM(H16:H69) -> 142 | I71: =SUM(I16:I69) -> 126 | J71: =SUM(J16:J69) -> 124 | K71: =SUM(K16:K69) -> 112 | L71: =SUM(L16:L69) -> 102 | M71: =SUM(M16:M69) -> 90 | N71: =SUM(N16:N69) -> 80 | O71: =SUM(O16:O69)-O34-O37 -> 76 | P71: =SUM(P16:P69) -> 73 | Q71: =SUM(Q16:Q69) -> 68 | R71: =SUM(R16:R69) -> 63 | S71: =SUM(S16:S69)-S46 -> 50 | T71: =SUM(T16:T69) -> 40 | U71: =SUM(U16:U69) -> 22 | V71: =SUM(V16:V69)-V57 -> 18 | W71: =SUM(W16:W69) -> 16 | X71: =SUM(X16:X69) -> 15 | Y71: =SUM(Y16:Y69) -> 14 | Z71: =SUM(Z16:Z69) -> 13 | AA71: =SUM(AA16:AA69) -> 10 | AB71: =SUM(AB16:AB69) -> 5 | AC71: =SUM(AC16:AC69) -> 0

Sheet Sprint 3
A1: Project name: | C1: XÂY DỰNG HỆ THỐNG QUẢN LÝ NHÂN SỰ CHO DOANH NGHIỆP NHỎ TÍCH HỢP CHATBOT AI HỖ TRỢ TRA CỨU THÔNG TIN | F1: Kết thúc
A2: Module name: | C2: Sprint 3 | F2: Tăng ca
A3: Start date: | C3: 46143 | F3: Muộn
A4: End date: | C4: 46157 | F4: Chậm tiến độ
F5: Trước thời hạn
B6: SPRINT 1 REPORT
B7: No | C7: Thành viên | D7: Thực tế | E7: Ước tính
B8: 1 | C8: Lê Xuân Khoa | D8: =SUMIF(E16:$F$71,"Khoa",$G$16:$G$71)+SUMIF(E16:$F$71,"All Team",$G$16:$G$71)/5+SUMIF(E16:$F$71,"Khoa,Khánh,Duyên",$G$16:$G$71)/3 -> 30 | E8: =SUMIF($E$16:$F$71,"Khoa",$G$16:$G$71)+SUMIF($E$16:$F$71,"All Team",$G$16:$G$71)/5+SUMIF($E$16:$F$71,"Khoa,Khánh,Duyên",$G$16:$G$71)/3 -> 30
B9: 2 | C9: Hoàng Minh Khánh | D9: =SUMIF(E16:$F$71,"Khánh",$G$16:$G$71)+SUMIF(E16:$F$71,"All Team",$G$16:$G$71)/5+SUMIF(E16:$F$71,"Khoa,Khánh,Duyên",$G$16:$G$71)/3+SUMIF(E16:$F$71,"Khánh,Duyên",$G$16:$G$71)/3 -> 28 | E9: =SUMIF($E$16:$F$71,"Khánh",$G$16:$G$71)+SUMIF($E$16:$F$71,"All Team",$G$16:$G$71)/5+SUMIF($E$16:$F$71,"Khoa,Khánh,Duyên",$G$16:$G$71)/3+SUMIF($E$16:$F$71,"Khánh,Duyên",$G$16:$G$71)/2 -> 28
B10: 3 | C10: Đỗ Trương Hồng Duyên | D10: =SUMIF(E16:$F$71,"Duyên",$G$16:$G$71)+SUMIF(E16:$F$71,"All Team",$G$16:$G$71)/5+SUMIF(E16:$F$71,"Khoa,Khánh,Duyên",$G$16:$G$71)/3+SUMIF(E16:$F$71,"Khánh,Duyên",$G$16:$G$71)/3 -> 29 | E10: =SUMIF($E$16:$F$71,"Duyên",$G$16:$G$71)+SUMIF($E$16:$F$71,"All Team",$G$16:$G$71)/5+SUMIF($E$16:$F$71,"Khoa,Khánh,Duyên",$G$16:$G$71)/3+SUMIF($E$16:$F$71,"Khánh,Duyên",$G$16:$G$71)/2 -> 29
B11: 4 | C11: Phan Dương Phương Duy | D11: =SUMIF(E16:$F$71,"Duy",$G$16:$G$71)+SUMIF(E16:$F$71,"All Team",$G$16:$G$71)/5 -> 30 | E11: =SUMIF($E$16:$F$71,"Duy",$G$16:$G$71)+SUMIF($E$16:$F$71,"All Team",$G$16:$G$71)/5 -> 30
B12: 5 | C12: Phan Đình Rin | D12: =SUMIF(E16:$F$71,"Rin",$G$16:$G$71)+SUMIF(E16:$F$71,"All Team",$G$16:$G$71)/5 -> 27 | E12: =SUMIF($E$16:$F$71,"Rin",$G$16:$G$71)+SUMIF($E$16:$F$71,"All Team",$G$16:$G$71)/5 -> 27
B13: Tổng | D13: =SUM(D8:D12) -> 144 | E13: =SUM(E8:E12) -> 144
A15: Sprint | B15: Compoment | C15: Task name | E15: Responsible Member | G15: Thực tế | H15: Ước tính | I15: 46143 | J15: 46144 | K15: 46145 | L15: 46146 | M15: 46147 | N15: 46148 | O15: 46149 | P15: 46150 | Q15: 46151 | R15: 46152 | S15: 46153 | T15: 46154 | U15: 46155 | V15: 46156 | W15: 46157
A16: Sprint 3 | B16: Họp kế hoạch Sprint | E16: All Team | G16: 10 | H16: 10 | I16: 0 | J16: 0 | K16: 0 | L16: 0 | M16: 0 | N16: 0 | O16: 0 | P16: 0 | Q16: 0 | R16: 0 | S16: 0 | T16: 0 | U16: 0 | V16: 0 | W16: 0
B17: Tạo Sprint Backlog 3 | E17: Rin | G17: 4 | H17: 4 | I17: 0 | J17: 0 | K17: 0 | L17: 0 | M17: 0 | N17: 0 | O17: 0 | P17: 0 | Q17: 0 | R17: 0 | S17: 0 | T17: 0 | U17: 0 | V17: 0 | W17: 0
B18: Tạo tài liệu kiểm thử cho Sprint | E18: Duy | G18: 4 | H18: 4 | I18: 4 | J18: 0 | K18: 0 | L18: 0 | M18: 0 | N18: 0 | O18: 0 | P18: 0 | Q18: 0 | R18: 0 | S18: 0 | T18: 0 | U18: 0 | V18: 0 | W18: 0
B19: User interface design | C19: Giao diện quản lí và gửi thông báo | E19: Duy | G19: 2 | H19: 2 | I19: 2 | J19: 2 | K19: 0 | L19: 0 | M19: 0 | N19: 0 | O19: 0 | P19: 0 | Q19: 0 | R19: 0 | S19: 0 | T19: 0 | U19: 0 | V19: 0 | W19: 0
C20: Giao diện quản lí hợp đồng | E20: Duyên | G20: 2 | H20: 2 | I20: 2 | J20: 2 | K20: 0 | L20: 0 | M20: 0 | N20: 0 | O20: 0 | P20: 0 | Q20: 0 | R20: 0 | S20: 0 | T20: 0 | U20: 0 | V20: 0 | W20: 0
C21: Giao diện hợp đồng cá nhân | E21: Khoa | G21: 2 | H21: 2 | I21: 2 | J21: 2 | K21: 0 | L21: 0 | M21: 0 | N21: 0 | O21: 0 | P21: 0 | Q21: 0 | R21: 0 | S21: 0 | T21: 0 | U21: 0 | V21: 0 | W21: 0
C22: Giao diện danh sách tuyển dụng | E22: Khánh | G22: 1 | H22: 2 | I22: 2 | J22: 2 | K22: 0 | L22: 0 | M22: 0 | N22: 0 | O22: 0 | P22: 0 | Q22: 0 | R22: 0 | S22: 0 | T22: 0 | U22: 0 | V22: 0 | W22: 0
K23: 1
C24: Giao diện quản lí tin tuyển dụng | E24: Rin | G24: 2 | H24: 2 | I24: 2 | J24: 2 | K24: 0 | L24: 0 | M24: 0 | N24: 0 | O24: 0 | P24: 0 | Q24: 0 | R24: 0 | S24: 0 | T24: 0 | U24: 0 | V24: 0 | W24: 0
C25: Giao diện cửa sổ chatbot | E25: Khoa | G25: 1 | H25: 2 | I25: 2 | J25: 2 | K25: 0 | L25: 0 | M25: 0 | N25: 0 | O25: 0 | P25: 0 | Q25: 0 | R25: 0 | S25: 0 | T25: 0 | U25: 0 | V25: 0 | W25: 0
K26: 1
C27: Review all user interfaces of sprint 3 | E27: All Team | G27: 10 | H27: 10 | I27: 10 | J27: 10 | K27: 10 | L27: 0 | M27: 0 | N27: 0 | O27: 0 | P27: 0 | Q27: 0 | R27: 0 | S27: 0 | T27: 0 | U27: 0 | V27: 0 | W27: 0
B28: Design test case | C28: Thiết kế cho trường kiểm thử cho quản lí và gửi thông báo | E28: Duyên | G28: 2 | H28: 2 | I28: 2 | J28: 2 | K28: 2 | L28: 2 | M28: 0 | N28: 0 | O28: 0 | P28: 0 | Q28: 0 | R28: 0 | S28: 0 | T28: 0 | U28: 0 | V28: 0 | W28: 0
C29: Kiểm thử cho trường quản lí hợp đồng | E29: Khoa | G29: 2 | H29: 2 | I29: 2 | J29: 2 | K29: 2 | L29: 2 | M29: 0 | N29: 0 | O29: 0 | P29: 0 | Q29: 0 | R29: 0 | S29: 0 | T29: 0 | U29: 0 | V29: 0 | W29: 0
C30: Kiểm thử cho trường hợp đồng cá nhân | E30: Khánh | G30: 2 | H30: 2 | I30: 2 | J30: 2 | K30: 2 | L30: 2 | M30: 0 | N30: 0 | O30: 0 | P30: 0 | Q30: 0 | R30: 0 | S30: 0 | T30: 0 | U30: 0 | V30: 0 | W30: 0
C31: Thiết kế cho trường kiểm thử danh sách tuyển dụng | E31: Rin | G31: 2 | H31: 2 | I31: 2 | J31: 2 | K31: 2 | L31: 2 | M31: 0 | N31: 0 | O31: 0 | P31: 0 | Q31: 0 | R31: 0 | S31: 0 | T31: 0 | U31: 0 | V31: 0 | W31: 0
C32: Thiết kế cho trường kiểm thử quản lí tin tuyển dụng | E32: Duy | G32: 2 | H32: 2 | I32: 2 | J32: 2 | K32: 2 | L32: 2 | M32: 0 | N32: 0 | O32: 0 | P32: 0 | Q32: 0 | R32: 0 | S32: 0 | T32: 0 | U32: 0 | V32: 0 | W32: 0
C33: Thiết kế cho trường kiểm thử cửa số chatbot | E33: Duyên | G33: 1 | H33: 2 | I33: 2 | J33: 2 | K33: 2 | L33: 2 | M33: 0 | N33: 0 | O33: 0 | P33: 0 | Q33: 0 | R33: 0 | S33: 0 | T33: 0 | U33: 0 | V33: 0 | W33: 0
M34: 1
C35: Review all test case of sprint 3 | E35: All Team | G35: 10 | H35: 10 | I35: 10 | J35: 10 | K35: 10 | L35: 10 | M35: 10 | N35: 0 | O35: 0 | P35: 0 | Q35: 0 | R35: 0 | S35: 0 | T35: 0 | U35: 0 | V35: 0 | W35: 0
B36: Coding | C36: Thiết kế font-end cho quản lí và gửi thông báo | E36: Duyên | G36: 2 | H36: 2 | I36: 2 | J36: 2 | K36: 2 | L36: 2 | M36: 2 | N36: 2 | O36: 0 | P36: 0 | Q36: 0 | R36: 0 | S36: 0 | T36: 0 | U36: 0 | V36: 0 | W36: 0
C37: Code back-end cho quản lí và gửi thông báo | E37: Duyên | G37: 3 | H37: 3 | I37: 3 | J37: 3 | K37: 3 | L37: 3 | M37: 3 | N37: 3 | O37: 3 | P37: 0 | Q37: 0 | R37: 0 | S37: 0 | T37: 0 | U37: 0 | V37: 0 | W37: 0
C38: Thiết kế font-end cho trang quản lí hợp đồng | E38: Duy | G38: 2 | H38: 2 | I38: 2 | J38: 2 | K38: 2 | L38: 2 | M38: 2 | N38: 2 | O38: 0 | P38: 0 | Q38: 0 | R38: 0 | S38: 0 | T38: 0 | U38: 0 | V38: 0 | W38: 0
C39: Code back-end cho trang quản lí hợp đồng | E39: Duy | G39: 4 | H39: 3 | I39: 3 | J39: 3 | K39: 3 | L39: 3 | M39: 3 | N39: 3 | O39: 3 | P39: 0 | Q39: 0 | R39: 0 | S39: 0 | T39: 0 | U39: 0 | V39: 0 | W39: 0
P40: 1
C41: Thiết kế font-end cho trang hợp đồng cá nhân | E41: Khánh | G41: 2 | H41: 2 | I41: 2 | J41: 2 | K41: 2 | L41: 2 | M41: 2 | N41: 2 | O41: 0 | P41: 0 | Q41: 0 | R41: 0 | S41: 0 | T41: 0 | U41: 0 | V41: 0 | W41: 0
C42: Code back-end cho trang hợp đồng cá nhân | E42: Khánh | G42: 3 | H42: 3 | I42: 3 | J42: 3 | K42: 3 | L42: 3 | M42: 3 | N42: 3 | O42: 3 | P42: 0 | Q42: 0 | R42: 0 | S42: 0 | T42: 0 | U42: 0 | V42: 0 | W42: 0
C43: Thiết kế font-end cho trang danh sách tuyển dụng | E43: Rin | G43: 2 | H43: 2 | I43: 2 | J43: 2 | K43: 2 | L43: 2 | M43: 2 | N43: 2 | O43: 0 | P43: 0 | Q43: 0 | R43: 0 | S43: 0 | T43: 0 | U43: 0 | V43: 0 | W43: 0
C44: Code back-end cho trang danh sách tuyển dụng | E44: Rin | G44: 3 | H44: 3 | I44: 3 | J44: 3 | K44: 3 | L44: 3 | M44: 3 | N44: 3 | O44: 3 | P44: 0 | Q44: 0 | R44: 0 | S44: 0 | T44: 0 | U44: 0 | V44: 0 | W44: 0
C45: Thiết kế font-end cho trang quản lí tin tuyển dụng | E45: Khoa | G45: 2 | H45: 2 | I45: 2 | J45: 2 | K45: 2 | L45: 2 | M45: 2 | N45: 2 | O45: 0 | P45: 0 | Q45: 0 | R45: 0 | S45: 0 | T45: 0 | U45: 0 | V45: 0 | W45: 0
C46: Code back-end cho trang quản lí tin tuyển dụng | E46: Khoa | G46: 3 | H46: 3 | I46: 3 | J46: 3 | K46: 3 | L46: 3 | M46: 3 | N46: 3 | O46: 3 | P46: 0 | Q46: 0 | R46: 0 | S46: 0 | T46: 0 | U46: 0 | V46: 0 | W46: 0
C47: Thiết kế font-end cho cửa sổ chatbot | E47: Duy | G47: 1 | H47: 1 | I47: 1 | J47: 1 | K47: 1 | L47: 1 | M47: 1 | N47: 1 | O47: 0 | P47: 0 | Q47: 0 | R47: 0 | S47: 0 | T47: 0 | U47: 0 | V47: 0 | W47: 0
C48: Code back-end cho cửa sổ chatbot | E48: Khoa,Khánh,Duyên | G48: 12 | H48: 8 | I48: 8 | J48: 8 | K48: 8 | L48: 8 | M48: 8 | N48: 8 | O48: 5 | P48: 3 | Q48: 0 | R48: 0 | S48: 0 | T48: 0 | U48: 0 | V48: 0 | W48: 0
Q49: 4
C50: Integrate code | E50: All Team | G50: 10 | H50: 10 | I50: 10 | J50: 10 | K50: 10 | L50: 10 | M50: 10 | N50: 10 | O50: 10 | P50: 10 | Q50: 10 | R50: 0 | S50: 0 | T50: 0 | U50: 0 | V50: 0 | W50: 0
B51: Testing | C51: Kiểm tra quản lí và gửi thông báo | E51: Khoa | G51: 2 | H51: 2 | I51: 2 | J51: 2 | K51: 2 | L51: 2 | M51: 2 | N51: 2 | O51: 2 | P51: 2 | Q51: 2 | R51: 2 | S51: 0 | T51: 0 | U51: 0 | V51: 0 | W51: 0
C52: Kiểm tra quản lí hợp đồng | E52: Khánh | G52: 2 | H52: 2 | I52: 2 | J52: 2 | K52: 2 | L52: 2 | M52: 2 | N52: 2 | O52: 2 | P52: 2 | Q52: 2 | R52: 2 | S52: 0 | T52: 0 | U52: 0 | V52: 0 | W52: 0
C53: Kiểm tra hợp đồng cá nhân | E53: Rin | G53: 2 | H53: 2 | I53: 2 | J53: 2 | K53: 2 | L53: 2 | M53: 2 | N53: 2 | O53: 2 | P53: 2 | Q53: 2 | R53: 2 | S53: 0 | T53: 0 | U53: 0 | V53: 0 | W53: 0
C54: Kiểm tra danh sách tuyển dụng | E54: Duy | G54: 2 | H54: 2 | I54: 2 | J54: 2 | K54: 2 | L54: 2 | M54: 2 | N54: 2 | O54: 2 | P54: 2 | Q54: 2 | R54: 2 | S54: 0 | T54: 0 | U54: 0 | V54: 0 | W54: 0
C55: Kiểm tra quản lí tin tuyển dụng | E55: Duyên | G55: 2 | H55: 2 | I55: 2 | J55: 2 | K55: 2 | L55: 2 | M55: 2 | N55: 2 | O55: 2 | P55: 2 | Q55: 2 | R55: 2 | S55: 0 | T55: 0 | U55: 0 | V55: 0 | W55: 0
C56: Kiểm tra cửa sổ chatbot | E56: Khoa | G56: 2 | H56: 2 | I56: 2 | J56: 2 | K56: 2 | L56: 2 | M56: 2 | N56: 2 | O56: 2 | P56: 2 | Q56: 2 | R56: 2 | S56: 0 | T56: 0 | U56: 0 | V56: 0 | W56: 0
B57: Fix Bug | C57: Sửa lỗi quản lí và gửi thông báo | E57: Duyên | G57: 2 | H57: 2 | I57: 2 | J57: 2 | K57: 2 | L57: 2 | M57: 2 | N57: 2 | O57: 2 | P57: 2 | Q57: 2 | R57: 2 | S57: 2 | T57: 0 | U57: 0 | V57: 0 | W57: 0
C58: Sửa lỗi quản lí hợp đồng | E58: Duy | G58: 2 | H58: 2 | I58: 2 | J58: 2 | K58: 2 | L58: 2 | M58: 2 | N58: 2 | O58: 2 | P58: 2 | Q58: 2 | R58: 2 | S58: 2 | T58: 0 | U58: 0 | V58: 0 | W58: 0
C59: Sửa lỗi hợp đồng cá nhân | E59: Khánh | G59: 2 | H59: 2 | I59: 2 | J59: 2 | K59: 2 | L59: 2 | M59: 2 | N59: 2 | O59: 2 | P59: 2 | Q59: 2 | R59: 2 | S59: 2 | T59: 0 | U59: 0 | V59: 0 | W59: 0
C60: Sửa lỗi danh sách tuyển dụng | E60: Rin | G60: 2 | H60: 2 | I60: 2 | J60: 2 | K60: 2 | L60: 2 | M60: 2 | N60: 2 | O60: 2 | P60: 2 | Q60: 2 | R60: 2 | S60: 2 | T60: 0 | U60: 0 | V60: 0 | W60: 0
C61: Sửa lỗi quản lí tin tuyển udngj | E61: Khoa | G61: 2 | H61: 2 | I61: 2 | J61: 2 | K61: 2 | L61: 2 | M61: 2 | N61: 2 | O61: 2 | P61: 2 | Q61: 2 | R61: 2 | S61: 2 | T61: 0 | U61: 0 | V61: 0 | W61: 0
C62: Sửa lỗi cửa sổ chatbot | E62: Duyên Khánh | G62: 5 | H62: 2 | I62: 2 | J62: 2 | K62: 2 | L62: 2 | M62: 2 | N62: 2 | O62: 2 | P62: 2 | Q62: 2 | R62: 2 | S62: 2 | T62: 0 | U62: 0 | V62: 0 | W62: 0
T63: 3
B64: Re-testing | C64: Kiểm tra lại quản lí và gửi thông báo | E64: Khánh | G64: 1 | H64: 1 | I64: 1 | J64: 1 | K64: 1 | L64: 1 | M64: 1 | N64: 1 | O64: 1 | P64: 1 | Q64: 1 | R64: 1 | S64: 1 | T64: 1 | U64: 0 | V64: 0 | W64: 0
C65: Kiểm tra lại quản lí hợp đồng | E65: Rin | G65: 1 | H65: 1 | I65: 1 | J65: 1 | K65: 1 | L65: 1 | M65: 1 | N65: 1 | O65: 1 | P65: 1 | Q65: 1 | R65: 1 | S65: 1 | T65: 1 | U65: 0 | V65: 0 | W65: 0
C66: Kiểm tra lại hợp đồng cá nhân | E66: Duy | G66: 1 | H66: 1 | I66: 1 | J66: 1 | K66: 1 | L66: 1 | M66: 1 | N66: 1 | O66: 1 | P66: 1 | Q66: 1 | R66: 1 | S66: 1 | T66: 1 | U66: 0 | V66: 0 | W66: 0
C67: Kiểm tra lại danh sách tin tuyển dụng | E67: Duyên | G67: 1 | H67: 1 | I67: 1 | J67: 1 | K67: 1 | L67: 1 | M67: 1 | N67: 1 | O67: 1 | P67: 1 | Q67: 1 | R67: 1 | S67: 1 | T67: 1 | U67: 0 | V67: 0 | W67: 0
C68: Kiểm tra lại quản lí tin tuyển dụng | E68: Khánh | G68: 1 | H68: 1 | I68: 1 | J68: 1 | K68: 1 | L68: 1 | M68: 1 | N68: 1 | O68: 1 | P68: 1 | Q68: 1 | R68: 1 | S68: 1 | T68: 1 | U68: 0 | V68: 0 | W68: 0
C69: Kiểm tra cửa sổ chatbot | E69: Rin | G69: 1 | H69: 1 | I69: 1 | J69: 1 | K69: 1 | L69: 1 | M69: 1 | N69: 1 | O69: 1 | P69: 1 | Q69: 1 | R69: 1 | S69: 1 | T69: 1 | U69: 0 | V69: 0 | W69: 0
B70: Release Sprint 3 | C70: Sprint 3 review meeting | E70: All Team | G70: 5 | H70: 5 | I70: 5 | J70: 5 | K70: 5 | L70: 5 | M70: 5 | N70: 5 | O70: 5 | P70: 5 | Q70: 5 | R70: 5 | S70: 5 | T70: 5 | U70: 5 | V70: 0 | W70: 0
C71: Sprint 3 retrospective | E71: All Team | G71: 5 | H71: 5 | I71: 5 | J71: 5 | K71: 5 | L71: 5 | M71: 5 | N71: 5 | O71: 5 | P71: 5 | Q71: 5 | R71: 5 | S71: 5 | T71: 5 | U71: 5 | V71: 5 | W71: 0
B72: Tổng | E72: Thực tế | G72: =SUM(G16:G71) -> 151 | I72: =I73 -> 132 | J72: =J73 -> 128 | K72: =K73-K23-K26 -> 114 | L72: =L73 -> 106 | M72: =M73-M34 -> 94 | N72: =N73 -> 84 | O72: =O73 -> 70 | P72: =P73+P40 -> 54 | Q72: =Q73+Q49 -> 54 | R72: =R73 -> 40 | S72: =S73 -> 28 | T72: =T73+T63 -> 19 | U72: =U73 -> 10 | V72: =V73 -> 5 | W72: =W73 -> 0
E73: Ước tính | G73: =SUM(H16:H71) -> 146 | I73: =SUM(I16:I71) -> 132 | J73: =SUM(J16:J71) -> 128 | K73: =SUM(K16:K71)-K23-K26 -> 116 | L73: =SUM(L16:L71) -> 106 | M73: =SUM(M16:M71) -> 95 | N73: =SUM(N16:N71) -> 84 | O73: =SUM(O16:O71) -> 70 | P73: =SUM(P16:P71)-P40 -> 53 | Q73: =SUM(Q16:Q71)-Q49 -> 50 | R73: =SUM(R16:R71) -> 40 | S73: =SUM(S16:S71) -> 28 | T73: =SUM(T16:T71)-T63 -> 16 | U73: =SUM(U16:U71) -> 10 | V73: =SUM(V16:V71) -> 5 | W73: =SUM(W16:W71) -> 0

Sheet ToTal
A1: SPRINT BACKLOG REPORT
B2: Khoa | D2: Khánh | F2: Duyên | H2: Duy | J2: Rin
B3: Thực tế | C3: Ước tính | D3: Thực tế | E3: Ước tính | F3: Thực tế | G3: Ước tính | H3: Thực tế | I3: Ước tính | J3: Thực tế | K3: Ước tính
A4: Sprint 1 | B4: ='Sprint 1'!D8 -> 33 | C4: ='Sprint 1'!E8 -> 34 | D4: ='Sprint 1'!D9 -> 33 | E4: ='Sprint 1'!E9 -> 33 | F4: ='Sprint 1'!D10 -> 31 | G4: ='Sprint 1'!E10 -> 32 | H4: ='Sprint 1'!D11 -> 31 | I4: ='Sprint 1'!E11 -> 31 | J4: ='Sprint 1'!D12 -> 33 | K4: ='Sprint 1'!E12 -> 33
A5: Sprint 2 | B5: ='Sprint 2'!D8 -> 28 | C5: ='Sprint 2'!E8 -> 28 | D5: ='Sprint 2'!D9 -> 27 | E5: ='Sprint 2'!E9 -> 27 | F5: ='Sprint 2'!D10 -> 28 | G5: ='Sprint 2'!E10 -> 28 | H5: ='Sprint 2'!D11 -> 27 | I5: ='Sprint 2'!E11 -> 28 | J5: ='Sprint 2'!D12 -> 31 | K5: ='Sprint 2'!E12 -> 31
A6: Sprint 3 | B6: ='Sprint 3'!D8 -> 30 | C6: ='Sprint 3'!E8 -> 30 | D6: ='Sprint 3'!D9 -> 28 | E6: ='Sprint 3'!E9 -> 28 | F6: ='Sprint 3'!D10 -> 29 | G6: ='Sprint 3'!E10 -> 29 | H6: ='Sprint 3'!D11 -> 30 | I6: ='Sprint 3'!E11 -> 30 | J6: ='Sprint 3'!D12 -> 27 | K6: ='Sprint 3'!E12 -> 27
A7: Tổng | B7: =SUM(B4:B6) -> 91 | C7: =SUM(C4:C6) -> 92 | D7: =SUM(D4:D6) -> 88 | E7: =SUM(E4:E6) -> 88 | F7: =SUM(F4:F6) -> 88 | G7: =SUM(G4:G6) -> 89 | H7: =SUM(H4:H6) -> 88 | I7: =SUM(I4:I6) -> 89 | ... K7: =SUM(K4:K6) -> 91
E10: FINAL TOTAL
E11: Thực tế | F11: =SUMIF($B$3:$K$3,"Thực tế",$B$7:$K$7) -> 446
E12: Ước tính | F12: =SUMIF($B$3:$K$3,"Ước tính",$B$7:$K$7) -> 449
